{
  "epoch": [
    0,
    1,
    2,
    3,
    4,
    5,
    6,
    7,
    8,
    9,
    10,
    11,
    12,
    13,
    14,
    15,
    16,
    17,
    18,
    19,
    20,
    21,
    22,
    23,
    24,
    25,
    26,
    27,
    28,
    29,
    30,
    31,
    32,
    33,
    34,
    35,
    36,
    37,
    38,
    39,
    40,
    41,
    42,
    43,
    44,
    45,
    46,
    47,
    48,
    49
  ],
  "lr": [
    1e-06,
    1e-06,
    0.0012008,
    0.0024006,
    0.0036004,
    0.0048002,
    0.005853414266303985,
    0.005789680575235313,
    0.005714957022135729,
    0.005629538506731371,
    0.005533762136878536,
    0.005428005898152967,
    0.005312687162113489,
    0.005188261039127127,
    0.005055218582256423,
    0.004914084849297326,
    0.004765416830615958,
    0.004609801250962095,
    0.004447852253934637,
    0.004280208978237393,
    0.004107533035290611,
    0.003930505898152968,
    0.00374982621205874,
    0.003566207037184246,
    0.0033803730345250923,
    0.003193057605990294,
    0.0030050000000000003,
    0.0028169423940097066,
    0.002629626965474909,
    0.0024437929628157553,
    0.00226017378794126,
    0.0020794941018470337,
    0.0019024669647093905,
    0.0017297910217626076,
    0.0015621477460653625,
    0.0014001987490379045,
    0.0012445831693840435,
    0.0010959151507026743,
    0.0009547814177435774,
    0.0008217389608728732,
    0.0006973128378865116,
    0.0005819941018470328,
    0.0004762378631214656,
    0.00038046149326862865,
    0.00029504297786427206,
    0.00022031942476468723,
    0.00015658573369601518,
    0.00010409343241975027,
    6.304968406757728e-05,
    3.3616469563139095e-05
  ],
  "train_loss": [
    6.910344123840332,
    6.907931804656982,
    6.7108564376831055,
    6.462882041931152,
    5.922650337219238,
    5.512322902679443,
    5.209564685821533,
    4.9190568923950195,
    4.701931953430176,
    4.534090995788574,
    4.394604206085205,
    4.284016132354736,
    4.186133861541748,
    4.107272624969482,
    4.033803939819336,
    3.97016978263855,
    3.9088425636291504,
    3.851872444152832,
    3.7988779544830322,
    3.755377769470215,
    3.7085213661193848,
    3.66675066947937,
    3.6259264945983887,
    3.585996389389038,
    3.5388925075531006,
    3.504544973373413,
    3.4566361904144287,
    3.4172511100769043,
    3.379737615585327,
    3.3389666080474854,
    3.3032188415527344,
    3.272183656692505,
    3.2235028743743896,
    3.1842238903045654,
    3.1489508152008057,
    3.112464427947998,
    3.074563503265381,
    3.0356061458587646,
    3.000465154647827,
    2.9711854457855225,
    2.933695077896118,
    2.9086623191833496,
    2.882337808609009,
    2.8525707721710205,
    2.829737663269043,
    2.8082802295684814,
    2.789822578430176,
    2.7804689407348633,
    2.766645908355713,
    2.760235548019409
  ],
  "val_loss": [
    6.908367156982422,
    6.905956268310547,
    6.473783493041992,
    6.1445112228393555,
    5.381972312927246,
    4.830132007598877,
    4.608644485473633,
    4.293582439422607,
    3.9009487628936768,
    3.719247817993164,
    3.611755609512329,
    3.473109006881714,
    3.4147136211395264,
    3.346515655517578,
    3.2712886333465576,
    3.2882590293884277,
    3.137547492980957,
    3.0855607986450195,
    3.0618340969085693,
    2.9574239253997803,
    2.957524538040161,
    2.8924262523651123,
    2.884030342102051,
    2.8594701290130615,
    2.7986743450164795,
    2.7102324962615967,
    2.7333736419677734,
    2.6761322021484375,
    2.670180320739746,
    2.6014292240142822,
    2.5530846118927,
    2.5040857791900635,
    2.5101311206817627,
    2.479234218597412,
    2.4434616565704346,
    2.4337451457977295,
    2.377823829650879,
    2.363438129425049,
    2.3251802921295166,
    2.317795991897583,
    2.28195858001709,
    2.289351224899292,
    2.266601324081421,
    2.254991292953491,
    2.241837501525879,
    2.228884220123291,
    2.2228519916534424,
    2.2224583625793457,
    2.2152531147003174,
    2.212347984313965
  ],
  "top1": [
    0.10200000554323196,
    0.12200000882148743,
    1.309999942779541,
    2.128000020980835,
    5.251999855041504,
    9.869999885559082,
    12.781999588012695,
    16.411998748779297,
    21.92799949645996,
    24.665998458862305,
    26.601999282836914,
    28.597999572753906,
    29.691999435424805,
    30.79599952697754,
    32.16999816894531,
    31.977998733520508,
    34.16999816894531,
    35.5260009765625,
    35.757999420166016,
    37.52000045776367,
    37.59199905395508,
    38.52799987792969,
    38.683998107910156,
    39.04399871826172,
    40.4640007019043,
    42.24399948120117,
    41.52199935913086,
    42.67399978637695,
    42.92399978637695,
    43.70800018310547,
    44.77399826049805,
    45.61399841308594,
    45.74799728393555,
    46.402000427246094,
    46.75600051879883,
    47.42399978637695,
    48.189998626708984,
    48.5359992980957,
    49.39799880981445,
    49.63999938964844,
    50.29999923706055,
    50.125999450683594,
    50.7239990234375,
    50.849998474121094,
    51.16999816894531,
    51.349998474121094,
    51.54199981689453,
    51.597999572753906,
    51.625999450683594,
    51.81399917602539
  ],
  "top5": [
    0.4779999852180481,
    0.5719999670982361,
    5.089999675750732,
    7.807999610900879,
    16.553998947143555,
    26.038000106811523,
    31.01599884033203,
    37.06599807739258,
    45.2599983215332,
    48.75199890136719,
    51.46799850463867,
    53.503997802734375,
    54.775997161865234,
    56.17799758911133,
    57.197998046875,
    57.077999114990234,
    59.947998046875,
    60.82600021362305,
    61.25199890136719,
    63.25199890136719,
    63.141998291015625,
    64.39799499511719,
    64.44999694824219,
    65.09199523925781,
    65.92399597167969,
    67.19400024414062,
    67.01799774169922,
    68.18000030517578,
    68.09199523925781,
    69.37200164794922,
    70.04000091552734,
    70.8759994506836,
    70.96599578857422,
    71.35599517822266,
    71.93199920654297,
    72.32799530029297,
    72.99199676513672,
    73.2459945678711,
    73.88399505615234,
    74.12200164794922,
    74.6259994506836,
    74.56600189208984,
    74.86199951171875,
    75.08599853515625,
    75.13399505615234,
    75.43399810791016,
    75.47799682617188,
    75.6259994506836,
    75.68799591064453,
    75.71199798583984
  ]
}