{
  "epoch": [
    0,
    1,
    2,
    3,
    4,
    5,
    6,
    7,
    8,
    9,
    10,
    11,
    12,
    13,
    14,
    15,
    16,
    17,
    18,
    19,
    20,
    21,
    22,
    23,
    24,
    25,
    26,
    27,
    28,
    29,
    30,
    31,
    32,
    33,
    34,
    35,
    36,
    37,
    38,
    39,
    40,
    41,
    42,
    43,
    44,
    45,
    46,
    47,
    48,
    49
  ],
  "lr": [
    1e-06,
    1e-06,
    0.0012008,
    0.0024006,
    0.0036004,
    0.0048002,
    0.005853414266303985,
    0.005789680575235313,
    0.005714957022135729,
    0.005629538506731371,
    0.005533762136878536,
    0.005428005898152967,
    0.005312687162113489,
    0.005188261039127127,
    0.005055218582256423,
    0.004914084849297326,
    0.004765416830615958,
    0.004609801250962095,
    0.004447852253934637,
    0.004280208978237393,
    0.004107533035290611,
    0.003930505898152968,
    0.00374982621205874,
    0.003566207037184246,
    0.0033803730345250923,
    0.003193057605990294,
    0.0030050000000000003,
    0.0028169423940097066,
    0.002629626965474909,
    0.0024437929628157553,
    0.00226017378794126,
    0.0020794941018470337,
    0.0019024669647093905,
    0.0017297910217626076,
    0.0015621477460653625,
    0.0014001987490379045,
    0.0012445831693840435,
    0.0010959151507026743,
    0.0009547814177435774,
    0.0008217389608728732,
    0.0006973128378865116,
    0.0005819941018470328,
    0.0004762378631214656,
    0.00038046149326862865,
    0.00029504297786427206,
    0.00022031942476468723,
    0.00015658573369601518,
    0.00010409343241975027,
    6.304968406757728e-05,
    3.3616469563139095e-05
  ],
  "train_loss": [
    6.910135746002197,
    6.9089765548706055,
    6.801901817321777,
    6.642627716064453,
    6.236012935638428,
    5.907534599304199,
    5.67957878112793,
    5.453018665313721,
    5.250938892364502,
    5.080404281616211,
    4.914605617523193,
    4.777685165405273,
    4.642922878265381,
    4.531004905700684,
    4.435716152191162,
    4.345406532287598,
    4.266507625579834,
    4.190257549285889,
    4.1287522315979,
    4.053386688232422,
    3.9979734420776367,
    3.9357495307922363,
    3.8844752311706543,
    3.823173999786377,
    3.7702791690826416,
    3.715677499771118,
    3.6740314960479736,
    3.6204960346221924,
    3.5684380531311035,
    3.525780439376831,
    3.477548599243164,
    3.4388434886932373,
    3.389004945755005,
    3.3543684482574463,
    3.3083152770996094,
    3.267139434814453,
    3.228649139404297,
    3.190342426300049,
    3.1607131958007812,
    3.1256611347198486,
    3.0908093452453613,
    3.06803560256958,
    3.046123504638672,
    3.0185110569000244,
    2.9940974712371826,
    2.979196071624756,
    2.960792303085327,
    2.951200246810913,
    2.944418430328369,
    2.937086343765259
  ],
  "val_loss": [
    6.908116817474365,
    6.906486511230469,
    6.735952854156494,
    6.4213547706604,
    5.837716579437256,
    5.383887767791748,
    5.299144268035889,
    4.974621295928955,
    4.726160526275635,
    4.4491705894470215,
    4.357487201690674,
    4.115278720855713,
    3.9992387294769287,
    3.861124277114868,
    3.852884531021118,
    3.6922008991241455,
    3.6219613552093506,
    3.5743236541748047,
    3.5978715419769287,
    3.496882200241089,
    3.4549777507781982,
    3.3790476322174072,
    3.3253159523010254,
    3.2872331142425537,
    3.2585527896881104,
    3.217045783996582,
    3.2235071659088135,
    3.153864860534668,
    3.1501615047454834,
    3.065166473388672,
    3.129092216491699,
    3.0830163955688477,
    3.0226902961730957,
    3.030539035797119,
    2.9913649559020996,
    2.9698946475982666,
    2.932316541671753,
    2.942789077758789,
    2.917524576187134,
    2.906252145767212,
    2.8977129459381104,
    2.875643730163574,
    2.8674943447113037,
    2.8630247116088867,
    2.8576905727386475,
    2.8485639095306396,
    2.841827630996704,
    2.83937931060791,
    2.8361215591430664,
    2.8356924057006836
  ],
  "top1": [
    0.09400000423192978,
    0.09600000828504562,
    0.5239999890327454,
    0.9839999675750732,
    2.9819998741149902,
    5.495999813079834,
    6.296000003814697,
    9.552000045776367,
    11.46399974822998,
    15.315999984741211,
    16.673999786376953,
    19.447999954223633,
    21.29800033569336,
    23.371999740600586,
    23.420000076293945,
    25.893999099731445,
    26.595998764038086,
    27.895999908447266,
    27.423999786376953,
    28.9060001373291,
    29.463998794555664,
    30.757999420166016,
    31.729999542236328,
    32.582000732421875,
    32.93000030517578,
    33.65999984741211,
    33.53799819946289,
    34.41999816894531,
    34.65999984741211,
    35.92599868774414,
    34.913997650146484,
    35.80999755859375,
    37.11800003051758,
    36.869998931884766,
    37.459999084472656,
    38.12799835205078,
    38.625999450683594,
    38.737998962402344,
    39.04800033569336,
    39.21999740600586,
    39.56800079345703,
    39.83799743652344,
    39.944000244140625,
    40.145999908447266,
    40.17799758911133,
    40.31800079345703,
    40.49799728393555,
    40.43000030517578,
    40.52199935913086,
    40.51599884033203
  ],
  "top5": [
    0.5299999713897705,
    0.5239999890327454,
    2.2019999027252197,
    4.24399995803833,
    9.946000099182129,
    16.553998947143555,
    17.937999725341797,
    24.645999908447266,
    28.76599884033203,
    34.625999450683594,
    36.731998443603516,
    41.4839973449707,
    43.69599914550781,
    46.58199691772461,
    46.39799880981445,
    49.417999267578125,
    50.88800048828125,
    52.12799835205078,
    51.43000030517578,
    53.349998474121094,
    53.94199752807617,
    55.461997985839844,
    56.34599685668945,
    57.19199752807617,
    57.9119987487793,
    58.727996826171875,
    58.604000091552734,
    59.59000015258789,
    59.753997802734375,
    61.13199996948242,
    60.09199905395508,
    60.74599838256836,
    62.013999938964844,
    61.81999969482422,
    62.38399887084961,
    62.76199722290039,
    63.407997131347656,
    63.209999084472656,
    63.7339973449707,
    63.935997009277344,
    63.935997009277344,
    64.36399841308594,
    64.4219970703125,
    64.72200012207031,
    64.78599548339844,
    64.95199584960938,
    65.06399536132812,
    65.13800048828125,
    65.16999816894531,
    65.1259994506836
  ]
}