{
  "epoch": [
    0,
    1,
    2,
    3,
    4,
    5,
    6,
    7,
    8,
    9,
    10,
    11,
    12,
    13,
    14,
    15,
    16,
    17,
    18,
    19,
    20,
    21,
    22,
    23,
    24,
    25,
    26,
    27,
    28,
    29,
    30,
    31,
    32,
    33,
    34,
    35,
    36,
    37,
    38,
    39,
    40,
    41,
    42,
    43,
    44,
    45,
    46,
    47,
    48,
    49
  ],
  "lr": [
    1e-06,
    1e-06,
    0.0012008,
    0.0024006,
    0.0036004,
    0.0048002,
    0.005853414266303985,
    0.005789680575235313,
    0.005714957022135729,
    0.005629538506731371,
    0.005533762136878536,
    0.005428005898152967,
    0.005312687162113489,
    0.005188261039127127,
    0.005055218582256423,
    0.004914084849297326,
    0.004765416830615958,
    0.004609801250962095,
    0.004447852253934637,
    0.004280208978237393,
    0.004107533035290611,
    0.003930505898152968,
    0.00374982621205874,
    0.003566207037184246,
    0.0033803730345250923,
    0.003193057605990294,
    0.0030050000000000003,
    0.0028169423940097066,
    0.002629626965474909,
    0.0024437929628157553,
    0.00226017378794126,
    0.0020794941018470337,
    0.0019024669647093905,
    0.0017297910217626076,
    0.0015621477460653625,
    0.0014001987490379045,
    0.0012445831693840435,
    0.0010959151507026743,
    0.0009547814177435774,
    0.0008217389608728732,
    0.0006973128378865116,
    0.0005819941018470328,
    0.0004762378631214656,
    0.00038046149326862865,
    0.00029504297786427206,
    0.00022031942476468723,
    0.00015658573369601518,
    0.00010409343241975027,
    6.304968406757728e-05,
    3.3616469563139095e-05
  ],
  "train_loss": [
    6.911041259765625,
    6.908771514892578,
    6.753575325012207,
    6.590299129486084,
    6.032873153686523,
    5.632604122161865,
    5.357179641723633,
    5.104521751403809,
    4.902764320373535,
    4.728006839752197,
    4.58823299407959,
    4.466249942779541,
    4.364453315734863,
    4.278315544128418,
    4.1969380378723145,
    4.132177352905273,
    4.0589728355407715,
    3.9959585666656494,
    3.9421732425689697,
    3.8899075984954834,
    3.8375024795532227,
    3.7949001789093018,
    3.7457239627838135,
    3.7027578353881836,
    3.6584064960479736,
    3.6146914958953857,
    3.5831897258758545,
    3.535712957382202,
    3.493565320968628,
    3.4492247104644775,
    3.4081602096557617,
    3.3669190406799316,
    3.3352696895599365,
    3.2846271991729736,
    3.2579574584960938,
    3.2098729610443115,
    3.17570424079895,
    3.1451361179351807,
    3.1052865982055664,
    3.073493719100952,
    3.047811508178711,
    3.0127832889556885,
    2.985387086868286,
    2.957409620285034,
    2.935997724533081,
    2.914837598800659,
    2.908413887023926,
    2.8868515491485596,
    2.880094528198242,
    2.8711187839508057
  ],
  "val_loss": [
    6.909096717834473,
    6.906531810760498,
    6.597602844238281,
    6.290976524353027,
    5.408299922943115,
    5.078227519989014,
    4.71858024597168,
    4.39359188079834,
    4.233478546142578,
    3.9687201976776123,
    3.882052421569824,
    3.8293986320495605,
    3.6482605934143066,
    3.5565595626831055,
    3.497189521789551,
    3.37353515625,
    3.3478660583496094,
    3.3021349906921387,
    3.227135181427002,
    3.226435899734497,
    3.144376277923584,
    3.1301114559173584,
    3.104037046432495,
    3.0169968605041504,
    2.967916250228882,
    2.969348669052124,
    2.9216904640197754,
    2.914429187774658,
    2.8891990184783936,
    2.815291404724121,
    2.8042523860931396,
    2.7779316902160645,
    2.7817749977111816,
    2.730649709701538,
    2.686361789703369,
    2.66013240814209,
    2.6423251628875732,
    2.634801149368286,
    2.6099061965942383,
    2.5864756107330322,
    2.56225848197937,
    2.554363965988159,
    2.532252788543701,
    2.531810760498047,
    2.5263829231262207,
    2.5127968788146973,
    2.514260768890381,
    2.5062026977539062,
    2.5022952556610107,
    2.5010571479797363
  ],
  "top1": [
    0.10400000959634781,
    0.1300000101327896,
    0.9459999799728394,
    1.3559999465942383,
    5.179999828338623,
    7.638000011444092,
    11.76200008392334,
    15.59999942779541,
    17.753999710083008,
    21.555999755859375,
    22.7239990234375,
    23.44999885559082,
    26.51599884033203,
    27.597999572753906,
    28.685998916625977,
    30.821998596191406,
    31.161998748779297,
    31.851999282836914,
    32.992000579833984,
    33.14999771118164,
    34.42799758911133,
    34.823997497558594,
    34.947998046875,
    36.52799987792969,
    37.672000885009766,
    37.711997985839844,
    38.2859992980957,
    38.08799743652344,
    39.141998291015625,
    40.555999755859375,
    40.45199966430664,
    41.10799789428711,
    40.91600036621094,
    42.04800033569336,
    42.7239990234375,
    42.9640007019043,
    43.503997802734375,
    43.52000045776367,
    44.231998443603516,
    44.79199981689453,
    45.045997619628906,
    45.461997985839844,
    45.64399719238281,
    45.66999816894531,
    45.92799758911133,
    46.2239990234375,
    46.197998046875,
    46.22599792480469,
    46.29399871826172,
    46.30999755859375
  ],
  "top5": [
    0.5220000147819519,
    0.5759999752044678,
    3.803999900817871,
    5.607999801635742,
    16.2239990234375,
    21.75,
    28.941999435424805,
    35.54800033569336,
    38.58799743652344,
    44.082000732421875,
    45.955997467041016,
    46.545997619628906,
    50.46999740600586,
    52.034000396728516,
    53.1619987487793,
    55.42799758911133,
    55.83399963378906,
    56.697998046875,
    58.145999908447266,
    58.237998962402344,
    59.61399841308594,
    60.137996673583984,
    60.51799774169922,
    61.854000091552734,
    62.98999786376953,
    62.87399673461914,
    63.59000015258789,
    63.79199981689453,
    64.45199584960938,
    65.54399871826172,
    65.68000030517578,
    66.21399688720703,
    66.27400207519531,
    67.03399658203125,
    67.69999694824219,
    68.4020004272461,
    68.4939956665039,
    68.75399780273438,
    69.01200103759766,
    69.43399810791016,
    69.83799743652344,
    69.98999786376953,
    70.22000122070312,
    70.3759994506836,
    70.38800048828125,
    70.53800201416016,
    70.66799926757812,
    70.58399963378906,
    70.7239990234375,
    70.75799560546875
  ]
}