{
  "epoch": [
    0,
    1,
    2,
    3,
    4,
    5,
    6,
    7,
    8,
    9,
    10,
    11,
    12,
    13,
    14,
    15,
    16,
    17,
    18,
    19,
    20,
    21,
    22,
    23,
    24,
    25,
    26,
    27,
    28,
    29,
    30,
    31,
    32,
    33,
    34,
    35,
    36,
    37,
    38,
    39,
    40,
    41,
    42,
    43,
    44,
    45,
    46,
    47,
    48,
    49
  ],
  "lr": [
    1e-06,
    1e-06,
    0.0012008,
    0.0024006,
    0.0036004,
    0.0048002,
    0.005853414266303985,
    0.005789680575235313,
    0.005714957022135729,
    0.005629538506731371,
    0.005533762136878536,
    0.005428005898152967,
    0.005312687162113489,
    0.005188261039127127,
    0.005055218582256423,
    0.004914084849297326,
    0.004765416830615958,
    0.004609801250962095,
    0.004447852253934637,
    0.004280208978237393,
    0.004107533035290611,
    0.003930505898152968,
    0.00374982621205874,
    0.003566207037184246,
    0.0033803730345250923,
    0.003193057605990294,
    0.0030050000000000003,
    0.0028169423940097066,
    0.002629626965474909,
    0.0024437929628157553,
    0.00226017378794126,
    0.0020794941018470337,
    0.0019024669647093905,
    0.0017297910217626076,
    0.0015621477460653625,
    0.0014001987490379045,
    0.0012445831693840435,
    0.0010959151507026743,
    0.0009547814177435774,
    0.0008217389608728732,
    0.0006973128378865116,
    0.0005819941018470328,
    0.0004762378631214656,
    0.00038046149326862865,
    0.00029504297786427206,
    0.00022031942476468723,
    0.00015658573369601518,
    0.00010409343241975027,
    6.304968406757728e-05,
    3.3616469563139095e-05
  ],
  "train_loss": [
    6.911069869995117,
    6.910457611083984,
    6.841087341308594,
    6.807382106781006,
    6.5963873863220215,
    6.315133094787598,
    6.159179210662842,
    6.003105163574219,
    5.876674652099609,
    5.756338596343994,
    5.630186080932617,
    5.514252185821533,
    5.4001336097717285,
    5.299236297607422,
    5.197251319885254,
    5.096064567565918,
    4.996609687805176,
    4.905262470245361,
    4.811944961547852,
    4.721806049346924,
    4.641997814178467,
    4.563042163848877,
    4.472010612487793,
    4.4086012840271,
    4.318203449249268,
    4.25327205657959,
    4.1815505027771,
    4.114089012145996,
    4.048241138458252,
    3.975191593170166,
    3.924819231033325,
    3.871894121170044,
    3.8109679222106934,
    3.7555809020996094,
    3.6938741207122803,
    3.6465721130371094,
    3.606750011444092,
    3.5640065670013428,
    3.520920753479004,
    3.4835073947906494,
    3.4513838291168213,
    3.4085488319396973,
    3.3864214420318604,
    3.360567331314087,
    3.3303205966949463,
    3.3161826133728027,
    3.3054206371307373,
    3.300527572631836,
    3.2952229976654053,
    3.2766101360321045
  ],
  "val_loss": [
    6.910264015197754,
    6.909486770629883,
    6.78105354309082,
    6.817018508911133,
    6.351798057556152,
    6.4488325119018555,
    5.947993755340576,
    5.768748760223389,
    5.516549110412598,
    5.397597312927246,
    5.230407238006592,
    5.11046028137207,
    5.07222843170166,
    4.87140417098999,
    4.726200103759766,
    4.743532180786133,
    4.609886646270752,
    4.530575275421143,
    4.422830581665039,
    4.3132405281066895,
    4.35512638092041,
    4.3183746337890625,
    4.16002082824707,
    4.091710567474365,
    4.07273006439209,
    4.023233890533447,
    3.985548257827759,
    3.9431793689727783,
    3.909513235092163,
    3.82307767868042,
    3.8574836254119873,
    3.7897746562957764,
    3.7736258506774902,
    3.6959192752838135,
    3.7100768089294434,
    3.681662082672119,
    3.679804563522339,
    3.655404567718506,
    3.657914876937866,
    3.628153085708618,
    3.6314592361450195,
    3.6225028038024902,
    3.6202731132507324,
    3.599693775177002,
    3.6033480167388916,
    3.5945045948028564,
    3.592536449432373,
    3.592344284057617,
    3.5933327674865723,
    3.5917751789093018
  ],
  "top1": [
    0.09600000828504562,
    0.10200000554323196,
    0.4339999854564667,
    0.3999999761581421,
    0.9539999961853027,
    1.2480000257492065,
    2.3519999980926514,
    3.555999994277954,
    4.431999683380127,
    5.37999963760376,
    6.711999893188477,
    7.927999973297119,
    8.36199951171875,
    10.484000205993652,
    12.413999557495117,
    12.12399959564209,
    14.127999305725098,
    14.986000061035156,
    16.26799964904785,
    17.350000381469727,
    16.97599983215332,
    17.785999298095703,
    19.703998565673828,
    20.58799934387207,
    20.809999465942383,
    21.937999725341797,
    22.31999969482422,
    22.719999313354492,
    23.20800018310547,
    24.503999710083008,
    24.347999572753906,
    25.26799964904785,
    25.643999099731445,
    26.719999313354492,
    26.67799949645996,
    26.935998916625977,
    26.95800018310547,
    27.51799964904785,
    27.275999069213867,
    27.8179988861084,
    27.87799835205078,
    28.243999481201172,
    28.2239990234375,
    28.392000198364258,
    28.459999084472656,
    28.599998474121094,
    28.637998580932617,
    28.649999618530273,
    28.711999893188477,
    28.670000076293945
  ],
  "top5": [
    0.4659999907016754,
    0.48799997568130493,
    1.9019999504089355,
    1.8619999885559082,
    4.038000106811523,
    4.595999717712402,
    8.323999404907227,
    11.053999900817871,
    13.883999824523926,
    16.29399871826172,
    19.218000411987305,
    21.671998977661133,
    22.805999755859375,
    26.4739990234375,
    29.557998657226562,
    28.847999572753906,
    32.051998138427734,
    33.49799728393555,
    35.3120002746582,
    37.20800018310547,
    36.391998291015625,
    37.663997650146484,
    40.65399932861328,
    41.7140007019043,
    42.34600067138672,
    43.61199951171875,
    44.025997161865234,
    45.00199890136719,
    45.869998931884766,
    47.33799743652344,
    46.7339973449707,
    48.11399841308594,
    48.34199905395508,
    49.865997314453125,
    49.4119987487793,
    49.97999954223633,
    50.10199737548828,
    50.615997314453125,
    50.79800033569336,
    51.321998596191406,
    51.30799865722656,
    51.742000579833984,
    51.6619987487793,
    52.01799774169922,
    51.94999694824219,
    52.253997802734375,
    52.19999694824219,
    52.28799819946289,
    52.22200012207031,
    52.26599884033203
  ]
}